43.00 GEL,მანათობელი და მუსიკალური რბილი ბურთების სათამაშო
24.00 GEL,მწერებისგან დამცავი ბადე
28.00 GEL,Roll Ball
14.00 GEL,ბალანს ჯამი
38.00 GEL,თვითმფრინავი ტელეფონი
28.00 GEL,10 ცალიანი ცხოველების ნაკრები
59.00 GEL,მოსიარულე ინტერაქციული ძაღლი
59.00 GEL,მოსიარულე ინტერაქციული ძაღლი
65.00 GEL,მულტიფუნქციური საჭე
29.00 GEL,მხიარული ჯამბაზი
59.00 GEL,მოსიარულე ინტერაქციული ძაღლი
48.00 GEL,30 ცალიანი ცხოველების ნაკრები
44.00 GEL,კარავი პირამიდა ( 135 სმ)
32.00 GEL,კარავი პირამიდა ( 110 სმ)
52.00 GEL,რაკეტა კარავი
19.00 GEL,ხის მატარებელი ასაწყობი გეომეტრიული ფიგურებით
